nearest_node,,,Node_sampled,,,
x1,y1,theta1,x2,y2,theta2,time
-0.75,0,0,-0.650545494,0.008510092,0.21339941,0.007043839
-0.650545494,0.008510092,0.21339941,-0.551609993,0.022164443,0.051177389,0.008333683
-0.75,0,0,-0.650545494,-0.008510092,-0.21339941,0.009455204
-0.551609993,0.022164443,0.051177389,-0.451850366,0.018753093,-0.162222021,0.010492802
-0.75,0,0,-0.650545494,-0.008510092,-0.21339941,0.011522293
-0.451850366,0.018753093,-0.162222021,-0.355076091,-0.00570831,-0.375621431,0.012557983
-0.75,0,0,-0.650545494,-0.008510092,-0.21339941,0.016238213
-0.355076091,-0.00570831,-0.375621431,-0.265677503,-0.050110033,-0.589020841,0.017318964
-0.265677503,-0.050110033,-0.589020841,-0.178254811,-0.098285685,-0.375621431,0.018327236
-0.75,0,0,-0.650545494,0.008510092,0.21339941,0.019558191
-0.75,0,0,-0.650545494,-0.008510092,-0.21339941,0.020596981
-0.355076091,-0.00570831,-0.375621431,-0.259433637,-0.034276499,-0.162222021,0.021621704
-0.75,0,0,-0.650545494,-0.008510092,-0.21339941,0.02264905
-0.75,0,0,-0.650545494,0.008510092,0.21339941,0.023668051
-0.75,0,0,-0.650545494,0.008510092,0.21339941,0.024776936
-0.259433637,-0.034276499,-0.162222021,-0.159910407,-0.041941179,0.051177389,0.025876999
-0.75,0,0,-0.650545494,-0.008510092,-0.21339941,0.026968002
-0.75,0,0,-0.650545494,0.008510092,0.21339941,0.027997017
-0.75,0,0,-0.650545494,-0.008510092,-0.21339941,0.029406309
-0.650545494,-0.008510092,-0.21339941,-0.573691827,-0.030395114,-0.384118938,0.030424118
-0.75,0,0,-0.650545494,0.008510092,0.21339941,0.031443119
-0.75,0,0,-0.650545494,-0.008510092,-0.21339941,0.032489061
-0.451850366,0.018753093,-0.162222021,-0.352327136,0.011088414,0.051177389,0.033677816
-0.75,0,0,-0.650545494,-0.008510092,-0.21339941,0.034916639
-0.352327136,0.011088414,0.051177389,-0.253438178,0.024674964,0.264576799,0.036022186
-0.551609993,0.022164443,0.051177389,-0.452721034,0.035750994,0.264576799,0.037142038
-0.573691827,-0.030395114,-0.384118938,-0.484673766,-0.075554889,-0.597518348,0.038163662
-0.75,0,0,-0.650545494,-0.008510092,-0.21339941,0.03935051
-0.484673766,-0.075554889,-0.597518348,-0.407239027,-0.138542838,-0.810917758,0.040370464
-0.75,0,0,-0.650545494,0.008510092,0.21339941,0.041385651
-0.407239027,-0.138542838,-0.810917758,-0.344900572,-0.216501401,-1.024317168,0.042520523
-0.75,0,0,-0.650545494,-0.008510092,-0.21339941,0.043536186
-0.407239027,-0.138542838,-0.810917758,-0.379079634,-0.166938614,-0.725557994,0.044587374
-0.344900572,-0.216501401,-1.024317168,-0.300486495,-0.305893852,-1.237716579,0.045704126
-0.75,0,0,-0.650545494,0.008510092,0.21339941,0.046736956
-0.75,0,0,-0.650545494,-0.008510092,-0.21339941,0.04781127
-0.452721034,0.035750994,0.264576799,-0.358952617,0.069972397,0.477976209,0.049011946
-0.75,0,0,-0.650545494,-0.008510092,-0.21339941,0.050043583
-0.75,0,0,-0.650545494,-0.008510092,-0.21339941,0.051263809
-0.75,0,0,-0.650545494,-0.008510092,-0.21339941,0.052391291
-0.358952617,0.069972397,0.477976209,-0.27455871,0.123276139,0.691375619,0.053425789
-0.27455871,0.123276139,0.691375619,-0.198390294,0.188065211,0.71926791,0.054475069
-0.358952617,0.069972397,0.477976209,-0.27455871,0.123276139,0.691375619,0.055510521
-0.75,0,0,-0.650545494,0.008510092,0.21339941,0.056540728
-0.198390294,0.188065211,0.71926791,-0.129178576,0.259991275,0.93266732,0.057592869
-0.300486495,-0.305893852,-1.237716579,-0.259926964,-0.39709991,-1.024317168,0.05886054
-0.75,0,0,-0.650545494,-0.008510092,-0.21339941,0.060098171
-0.259926964,-0.39709991,-1.024317168,-0.20097153,-0.47764727,-0.810917758,0.061266422
-0.20097153,-0.47764727,-0.810917758,-0.128642894,-0.546629243,-0.708319342,0.062522888
-0.75,0,0,-0.650545494,0.008510092,0.21339941,0.063609123
-0.20097153,-0.47764727,-0.810917758,-0.138633076,-0.555605833,-1.024317168,0.064762831
-0.75,0,0,-0.650545494,0.008510092,0.21339941,0.066174984
-0.75,0,0,-0.650545494,-0.008510092,-0.21339941,0.067241669
-0.75,0,0,-0.650545494,0.008510092,0.21339941,0.068778992
-0.75,0,0,-0.650545494,0.008510092,0.21339941,0.07021904
-0.253438178,0.024674964,0.264576799,-0.159669761,0.058896368,0.477976209,0.071268082
-0.75,0,0,-0.650545494,-0.008510092,-0.21339941,0.072540283
-0.344900572,-0.216501401,-1.024317168,-0.315952782,-0.269014787,-1.152356815,0.073628187
-0.75,0,0,-0.650545494,-0.008510092,-0.21339941,0.075093746
-0.75,0,0,-0.650545494,0.008510092,0.21339941,0.076609373
-0.75,0,0,-0.650545494,0.008510092,0.21339941,0.078398943
-0.75,0,0,-0.650545494,0.008510092,0.21339941,0.079683065
-0.265677503,-0.050110033,-0.589020841,-0.232498536,-0.072451371,-0.61830821,0.080808163
-0.75,0,0,-0.650545494,0.008510092,0.21339941,0.081974506
-0.75,0,0,-0.650545494,-0.008510092,-0.21339941,0.083250284
-0.75,0,0,-0.650545494,0.008510092,0.21339941,0.085307598
-0.75,0,0,-0.650545494,0.008510092,0.21339941,0.086375713
-0.75,0,0,-0.650545494,-0.008510092,-0.21339941,0.087878466
-0.75,0,0,-0.650545494,0.008510092,0.21339941,0.089101791
-0.20097153,-0.47764727,-0.810917758,-0.138633076,-0.555605833,-1.024317168,0.090410709
-0.75,0,0,-0.650545494,0.008510092,0.21339941,0.091749191
-0.75,0,0,-0.650545494,-0.008510092,-0.21339941,0.092963457
-0.75,0,0,-0.650545494,0.008510092,0.21339941,0.094057798
-0.75,0,0,-0.650545494,0.008510092,0.21339941,0.095592022
-0.20097153,-0.47764727,-0.810917758,-0.138633076,-0.555605833,-1.024317168,0.097263575
-0.75,0,0,-0.650545494,0.008510092,0.21339941,0.09847641
-0.75,0,0,-0.650545494,-0.008510092,-0.21339941,0.100169659
-0.75,0,0,-0.650545494,0.008510092,0.21339941,0.10125041
-0.27455871,0.123276139,0.691375619,-0.20336799,0.193244003,0.904775029,0.102419615
-0.75,0,0,-0.650545494,0.008510092,0.21339941,0.103554726
-0.75,0,0,-0.650545494,0.008510092,0.21339941,0.104659319
-0.75,0,0,-0.650545494,0.008510092,0.21339941,0.105873585
-0.75,0,0,-0.650545494,-0.008510092,-0.21339941,0.107112885
-0.75,0,0,-0.650545494,-0.008510092,-0.21339941,0.108704805
-0.75,0,0,-0.650545494,0.008510092,0.21339941,0.10979414
-0.75,0,0,-0.650545494,0.008510092,0.21339941,0.111278534
-0.75,0,0,-0.650545494,0.008510092,0.21339941,0.112779379
-0.650545494,0.008510092,0.21339941,-0.573691827,0.030395114,0.384118938,0.1142416
-0.20097153,-0.47764727,-0.810917758,-0.138633076,-0.555605833,-1.024317168,0.115911245
-0.75,0,0,-0.650545494,-0.008510092,-0.21339941,0.11781311
-0.75,0,0,-0.650545494,-0.008510092,-0.21339941,0.11911273
-0.75,0,0,-0.650545494,0.008510092,0.21339941,0.120643377
-0.573691827,-0.030395114,-0.384118938,-0.484673766,-0.075554889,-0.597518348,0.121767282
-0.75,0,0,-0.650545494,-0.008510092,-0.21339941,0.122865438
-0.20097153,-0.47764727,-0.810917758,-0.138633076,-0.555605833,-1.024317168,0.124099255
-0.573691827,0.030395114,0.384118938,-0.484673766,0.075554889,0.597518348,0.125594616
-0.259926964,-0.39709991,-1.024317168,-0.20097153,-0.47764727,-0.810917758,0.127019644
-0.75,0,0,-0.650545494,-0.008510092,-0.21339941,0.128679752
-0.75,0,0,-0.650545494,-0.008510092,-0.21339941,0.129821301
-0.75,0,0,-0.650545494,0.008510092,0.21339941,0.131218195
-0.75,0,0,-0.650545494,0.008510092,0.21339941,0.133065224
-0.75,0,0,-0.650545494,0.008510092,0.21339941,0.134270668
-0.75,0,0,-0.650545494,-0.008510092,-0.21339941,0.135695457
-0.75,0,0,-0.650545494,-0.008510092,-0.21339941,0.13933897
-0.75,0,0,-0.650545494,0.008510092,0.21339941,0.140755653
-0.75,0,0,-0.650545494,0.008510092,0.21339941,0.142032862
-0.75,0,0,-0.650545494,0.008510092,0.21339941,0.143335104
-0.75,0,0,-0.650545494,0.008510092,0.21339941,0.145541906
-0.259433637,-0.034276499,-0.162222021,-0.219838953,-0.03989188,-0.076862257,0.146656752
-0.75,0,0,-0.650545494,0.008510092,0.21339941,0.147930622
-0.75,0,0,-0.650545494,-0.008510092,-0.21339941,0.149600267
-0.75,0,0,-0.650545494,-0.008510092,-0.21339941,0.151290178
-0.75,0,0,-0.650545494,0.008510092,0.21339941,0.153077126
-0.75,0,0,-0.650545494,0.008510092,0.21339941,0.154355764
-0.573691827,0.030395114,0.384118938,-0.484673766,0.075554889,0.597518348,0.156115294
-0.75,0,0,-0.650545494,-0.008510092,-0.21339941,0.157734871
-0.75,0,0,-0.650545494,0.008510092,0.21339941,0.159037113
-0.75,0,0,-0.650545494,0.008510092,0.21339941,0.160533428
-0.75,0,0,-0.650545494,0.008510092,0.21339941,0.162345409
-0.75,0,0,-0.650545494,0.008510092,0.21339941,0.163653135
-0.75,0,0,-0.650545494,-0.008510092,-0.21339941,0.164974928
-0.75,0,0,-0.650545494,0.008510092,0.21339941,0.166113853
-0.75,0,0,-0.650545494,0.008510092,0.21339941,0.167279482
-0.484673766,0.075554889,0.597518348,-0.407239027,0.138542838,0.810917758,0.168601036
-0.259926964,-0.39709991,-1.024317168,-0.215512887,-0.48649236,-1.237716579,0.169740915
-0.75,0,0,-0.650545494,0.008510092,0.21339941,0.170873165
-0.75,0,0,-0.650545494,-0.008510092,-0.21339941,0.172088146
-0.75,0,0,-0.650545494,0.008510092,0.21339941,0.17330718
-0.75,0,0,-0.650545494,0.008510092,0.21339941,0.174804926
-0.215512887,-0.48649236,-1.237716579,-0.19103811,-0.583263254,-1.451115989,0.176147223
-0.19103811,-0.583263254,-1.451115989,-0.170714537,-0.680990286,-1.243447513,0.177287817
-0.170714537,-0.680990286,-1.243447513,-0.142901717,-0.77699956,-1.339305248,0.178501844
-0.407239027,0.138542838,0.810917758,-0.344900572,0.216501401,1.024317168,0.179665089
-0.344900572,0.216501401,1.024317168,-0.300486495,0.305893852,1.237716579,0.180818796
-0.75,0,0,-0.650545494,0.008510092,0.21339941,0.182014227
-0.75,0,0,-0.650545494,-0.008510092,-0.21339941,0.183263063
-0.142901717,-0.77699956,-1.339305248,-0.111800872,-0.871848692,-1.125905837,0.184405804
-0.315952782,-0.269014787,-1.152356815,-0.289271938,-0.322715464,-1.024317168,0.185538769
-0.111800872,-0.871848692,-1.125905837,-0.061318025,-0.957959683,-0.912506427,0.187095881
-0.75,0,0,-0.650545494,0.008510092,0.21339941,0.188250303
-0.75,0,0,-0.650545494,0.008510092,0.21339941,0.189429998
-0.75,0,0,-0.650545494,0.008510092,0.21339941,0.190598965
-0.061318025,-0.957959683,-0.912506427,0.006256579,-1.031425956,-0.699107017,0.191752434
-0.300486495,0.305893852,1.237716579,-0.276011718,0.402664745,1.451115989,0.193020582
-0.142901717,-0.77699956,-1.339305248,-0.128367049,-0.875753618,-1.552704658,0.194236994
-0.061318025,-0.957959683,-0.912506427,-0.00720706,-1.041838309,-1.125905837,0.195598602
-0.75,0,0,-0.650545494,0.008510092,0.21339941,0.196984291
0.006256579,-1.031425956,-0.699107017,0.083499844,-1.094931673,-0.676213724,0.19816041
-0.276011718,0.402664745,1.451115989,-0.272586581,0.5024239,1.664515399,0.199533224
0.083499844,-1.094931673,-0.676213724,0.164727251,-1.153154498,-0.563334838,0.200707912
-0.20097153,-0.47764727,-0.810917758,-0.172812137,-0.506043046,-0.725557994,0.201844454
-0.00720706,-1.041838309,-1.125905837,0.027912384,-1.13527409,-1.339305248,0.203104973
-0.272586581,0.5024239,1.664515399,-0.290366473,0.600645567,1.877914809,0.204272985
-0.75,0,0,-0.650545494,-0.008510092,-0.21339941,0.205446005
0.164727251,-1.153154498,-0.563334838,0.248640198,-1.20754228,-0.58841555,0.206815004
0.248640198,-1.20754228,-0.58841555,0.336092035,-1.255665007,-0.37501614,0.208261967
-0.290366473,0.600645567,1.877914809,-0.312320991,0.698019176,1.664515399,0.209501505
-0.358952617,0.069972397,0.477976209,-0.323844204,0.089121048,0.563335973,0.210659027
-0.312320991,0.698019176,1.664515399,-0.330100882,0.796240843,1.877914809,0.211852312
0.336092035,-1.255665007,-0.37501614,0.425517482,-1.300012609,-0.58841555,0.213138819
-0.75,0,0,-0.650545494,0.008510092,0.21339941,0.214318514
0.425517482,-1.300012609,-0.58841555,0.512969318,-1.348135336,-0.37501614,0.215498447
-0.330100882,0.796240843,1.877914809,-0.368279187,0.888469025,2.091314219,0.216904402
0.027912384,-1.13527409,-1.339305248,0.042447052,-1.234028148,-1.552704658,0.218092918
-0.75,0,0,-0.650545494,-0.008510092,-0.21339941,0.219321966
-0.75,0,0,-0.650545494,-0.008510092,-0.21339941,0.220509529
0.512969318,-1.348135336,-0.37501614,0.608629047,-1.376645628,-0.16161673,0.221693039
-0.368279187,0.888469025,2.091314219,-0.425123878,0.970519629,2.304713629,0.222983122
-0.425123878,0.970519629,2.304713629,-0.491076641,1.045682436,2.275933364,0.224243879
0.608629047,-1.376645628,-0.16161673,0.707450681,-1.391943213,-0.144850076,0.225455046
-0.290366473,0.600645567,1.877914809,-0.328544778,0.692873749,2.091314219,0.226893902
-0.491076641,1.045682436,2.275933364,-0.562017534,1.115903589,2.489332775,0.228096485
0.608629047,-1.376645628,-0.16161673,0.708156898,-1.384250066,0.05178268,0.229301453
-0.562017534,1.115903589,2.489332775,-0.646220923,1.169507784,2.702732185,0.230496645
-0.646220923,1.169507784,2.702732185,-0.738360307,1.20828271,2.787425448,0.231703281
0.708156898,-1.384250066,0.05178268,0.807052153,-1.370668418,0.251461323,0.23299551
-0.738360307,1.20828271,2.787425448,-0.832272982,1.242639063,2.794738923,0.234205008
0.336092035,-1.255665007,-0.37501614,0.431751764,-1.284175299,-0.16161673,0.235416174
-0.650545494,0.008510092,0.21339941,-0.630999161,0.012745761,0.224465925,0.23657465
-0.75,0,0,-0.650545494,0.008510092,0.21339941,0.237772465
-0.75,0,0,-0.650545494,0.008510092,0.21339941,0.239027023
-0.832272982,1.242639063,2.794738923,-0.928697591,1.268444397,3.008138333,0.240243196
-0.928697591,1.268444397,3.008138333,-1.026169855,1.29000129,2.813042689,0.24146533
-0.128367049,-0.875753618,-1.552704658,-0.135076549,-0.975345802,-1.766104068,0.242793322
0.431751764,-1.284175299,-0.16161673,0.531279614,-1.291779737,0.05178268,0.243993044
-0.330100882,0.796240843,1.877914809,-0.3520554,0.893614452,1.664515399,0.245204449
0.083499844,-1.094931673,-0.676213724,0.166395173,-1.150537292,-0.462814314,0.246426344
-0.832272982,1.242639063,2.794738923,-0.92291174,1.284450977,2.581339512,0.247652292
-0.142901717,-0.77699956,-1.339305248,-0.126666641,-0.834723494,-1.211265601,0.248838902
0.807052153,-1.370668418,0.251461323,0.905108101,-1.351398899,0.131529743,0.250056267
0.707450681,-1.391943213,-0.144850076,0.804635275,-1.414719853,-0.358249486,0.251271725
-0.3520554,0.893614452,1.664515399,-0.352889799,0.993428901,1.451115989,0.252580643
0.042447052,-1.234028148,-1.552704658,0.035737552,-1.333620332,-1.766104068,0.253859758
-0.20336799,0.193244003,0.904775029,-0.19101074,0.208969726,0.936865567,0.255043507
0.531279614,-1.291779737,0.05178268,0.630160331,-1.278133332,0.26518209,0.256299734
0.905108101,-1.351398899,0.131529743,1.002587456,-1.329918773,0.344929153,0.257530689
-1.026169855,1.29000129,2.813042689,-1.12305062,1.314037466,3.026442099,0.258778811
-1.12305062,1.314037466,3.026442099,-1.220868711,1.33391815,2.813042689,0.260053635
-0.352889799,0.993428901,1.451115989,-0.332566226,1.091155934,1.237716579,0.261294127
0.006256579,-1.031425956,-0.699107017,0.087857302,-1.088914586,-0.485707607,0.264293432
-0.332566226,1.091155934,1.237716579,-0.292006695,1.182361991,1.024317168,0.265520811
-0.292006695,1.182361991,1.024317168,-0.247592618,1.271754442,1.237716579,0.266749382
0.083499844,-1.094931673,-0.676213724,0.099098802,-1.107448561,-0.704285264,0.267957926
-0.247592618,1.271754442,1.237716579,-0.207033087,1.3629605,1.024317168,0.2692945
-0.207033087,1.3629605,1.024317168,-0.16261901,1.452352951,1.237716579,0.270540476
1.002587456,-1.329918773,0.344929153,1.093306516,-1.288281377,0.558328563,0.271812201
-1.220868711,1.33391815,2.813042689,-1.312257559,1.374064122,2.599643279,0.273049831
-0.16261901,1.452352951,1.237716579,-0.138144233,1.549123844,1.451115989,0.274392128
-1.312257559,1.374064122,2.599643279,-1.401850278,1.418072817,2.813042689,0.275637865
-0.138144233,1.549123844,1.451115989,-0.11782066,1.646850876,1.237716579,0.276891232
0.035737552,-1.333620332,-1.766104068,0.008088273,-1.429532468,-1.979503478,0.278147697
-0.16261901,1.452352951,1.237716579,-0.12205948,1.543559008,1.024317168,0.27945137
-0.16261901,1.452352951,1.237716579,-0.12205948,1.543559008,1.024317168,0.280968666
-0.16261901,1.452352951,1.237716579,-0.140613622,1.508132813,1.109676932,0.282186985
-0.12205948,1.543559008,1.024317168,-0.063104045,1.624106369,0.810917758,0.283526897
-1.401850278,1.418072817,2.813042689,-1.498731043,1.442108993,3.026442099,0.284888744
1.093306516,-1.288281377,0.558328563,1.173149651,-1.228375666,0.771727973,0.286149025
-0.063104045,1.624106369,0.810917758,0.011572676,1.69034086,0.597518348,0.287396669
-0.832272982,1.242639063,2.794738923,-0.889483911,1.260598456,2.922778569,0.288613558
-0.75,0,0,-0.650545494,-0.008510092,-0.21339941,0.289857626
1.093306516,-1.288281377,0.558328563,1.182166423,-1.242811195,0.344929153,0.291113138
-0.135076549,-0.975345802,-1.766104068,-0.162725827,-1.071257938,-1.979503478,0.29237175
0.011572676,1.69034086,0.597518348,0.098582844,1.739257638,0.384118938,0.293613911
0.098582844,1.739257638,0.384118938,0.19397909,1.768637508,0.170719528,0.294962883
1.173149651,-1.228375666,0.771727973,1.238917097,-1.153238717,0.946602311,0.296221018
-0.162725827,-1.071257938,-1.979503478,-0.210060527,-1.159138804,-2.192902888,0.297477245
0.008088273,-1.429532468,-1.979503478,-0.023628103,-1.524177553,-1.766104068,0.298746109
-0.75,0,0,-0.650545494,-0.008510092,-0.21339941,0.300009251
-0.573691827,-0.030395114,-0.384118938,-0.484673766,-0.075554889,-0.597518348,0.301275253
-0.11782066,1.646850876,1.237716579,-0.093345882,1.743621769,1.451115989,0.302856207
0.19397909,1.768637508,0.170719528,0.293258053,1.780068573,0.054181044,0.304113388
-0.75,0,0,-0.650545494,-0.008510092,-0.21339941,0.305466413
1.238917097,-1.153238717,0.946602311,1.290137251,-1.067564238,1.160001721,0.306727886
-0.75,0,0,-0.650545494,0.008510092,0.21339941,0.308012724
-1.498731043,1.442108993,3.026442099,-1.596549134,1.461989677,2.813042689,0.309283495
-1.498731043,1.442108993,3.026442099,-1.596549134,1.461989677,2.813042689,0.310544491
-0.75,0,0,-0.650545494,-0.008510092,-0.21339941,0.311815739
-0.75,0,0,-0.650545494,-0.008510092,-0.21339941,0.31311655
-0.573691827,-0.030395114,-0.384118938,-0.519107251,-0.055217569,-0.512158584,0.314371109
-0.75,0,0,-0.650545494,0.008510092,0.21339941,0.315763712
1.290137251,-1.067564238,1.160001721,1.337655294,-0.979782372,0.946602311,0.317068338
-1.596549134,1.461989677,2.813042689,-1.693429899,1.486025854,3.026442099,0.318335772
0.293258053,1.780068573,0.054181044,0.393165631,1.784298497,0.029499984,0.319604874
-0.75,0,0,-0.650545494,-0.008510092,-0.21339941,0.320877075
1.337655294,-0.979782372,0.946602311,1.388875448,-0.894107893,1.160001721,0.322455406
-0.92291174,1.284450977,2.581339512,-0.97502143,1.314119317,2.709379159,0.323710442
1.388875448,-0.894107893,1.160001721,1.420789322,-0.799529221,1.373401131,0.324992895
0.393165631,1.784298497,0.029499984,0.492325854,1.795738367,0.242899394,0.326370955
1.420789322,-0.799529221,1.373401131,1.448638753,-0.703675011,1.160001721,0.327651262
-0.75,0,0,-0.650545494,0.008510092,0.21339941,0.32900691
-0.210060527,-1.159138804,-2.192902888,-0.274933226,-1.235001532,-2.406302298,0.330599546
-0.274933226,-1.235001532,-2.406302298,-0.354400861,-1.295404475,-2.619701708,0.331899166
0.492325854,1.795738367,0.242899394,0.590907673,1.811398682,0.029499984,0.333197832
-1.220868711,1.33391815,2.813042689,-1.312257559,1.374064122,2.599643279,0.334483385
1.448638753,-0.703675011,1.160001721,1.496156797,-0.615893145,0.946602311,0.335775137
-1.220868711,1.33391815,2.813042689,-1.317749477,1.357954327,3.026442099,0.337162256
-1.693429899,1.486025854,3.026442099,-1.793203546,1.488999069,-3.043343798,0.338443756
0.590907673,1.811398682,0.029499984,0.690569918,1.805825773,-0.183899426,0.339744091
-0.562017534,1.115903589,2.489332775,-0.635889945,1.183033965,2.275933364,0.341035604
-0.215512887,-0.48649236,-1.237716579,-0.198343195,-0.543945227,-1.365756225,0.342304707
-0.484673766,-0.075554889,-0.597518348,-0.407239027,-0.138542838,-0.810917758,0.34368062
0.393165631,1.784298497,0.029499984,0.492827876,1.778725588,-0.183899426,0.34506011
0.690569918,1.805825773,-0.183899426,0.786791238,1.779272466,-0.397298836,0.346421957
1.496156797,-0.615893145,0.946602311,1.54737695,-0.530218666,1.160001721,0.347860098
-0.352889799,0.993428901,1.451115989,-0.332566226,1.091155934,1.237716579,0.349202871
-0.328544778,0.692873749,2.091314219,-0.385389469,0.774924353,2.304713629,0.350504637
1.54737695,-0.530218666,1.160001721,1.579290824,-0.435639994,1.373401131,0.35180974
-0.573691827,0.030395114,0.384118938,-0.484673766,0.075554889,0.597518348,0.35311079
0.786791238,1.779272466,-0.397298836,0.875764811,1.733887598,-0.557563195,0.354506254
1.337655294,-0.979782372,0.946602311,1.374744723,-0.932665448,0.818562665,0.355799437
-0.354400861,-1.295404475,-2.619701708,-0.444858243,-1.337607348,-2.827067512,0.35710597
0.875764811,1.733887598,-0.557563195,0.964659493,1.68848544,-0.344163785,0.358547688
-0.75,0,0,-0.650545494,-0.008510092,-0.21339941,0.359905958
-0.444858243,-1.337607348,-2.827067512,-0.542066573,-1.360282469,-3.040466922,0.361240149
0.512969318,-1.348135336,-0.37501614,0.602394766,-1.392482939,-0.58841555,0.36259985
-0.247592618,1.271754442,1.237716579,-0.207033087,1.3629605,1.024317168,0.364296675
-0.542066573,-1.360282469,-3.040466922,-0.640180983,-1.378691081,-2.844046594,0.365617037
-0.3520554,0.893614452,1.664515399,-0.355114563,0.95349994,1.536475753,0.366909504
1.420789322,-0.799529221,1.373401131,1.430029638,-0.740281886,1.501440777,0.368205309
-1.312257559,1.374064122,2.599643279,-1.393071147,1.432654091,2.386243869,0.369635105
0.690569918,1.805825773,-0.183899426,0.769905365,1.796269248,-0.013179898,0.37093997
1.579290824,-0.435639994,1.373401131,1.601888162,-0.338246674,1.309402487,0.372254848
-0.75,0,0,-0.650545494,0.008510092,0.21339941,0.373609781
-0.640180983,-1.378691081,-2.844046594,-0.737760285,-1.399712505,-3.057446004,0.37492466
-1.317749477,1.357954327,3.026442099,-1.417523123,1.360927542,-3.043343798,0.376256704
1.430029638,-0.740281886,1.501440777,1.428432199,-0.640476732,1.714840187,0.377602816
0.964659493,1.68848544,-0.344163785,1.055410394,1.64691749,-0.557563195,0.378935814
-0.737760285,-1.399712505,-3.057446004,-0.837361581,-1.408627225,-3.046698046,0.380357027
-1.220868711,1.33391815,2.813042689,-1.258436574,1.347626803,2.727682925,0.38164711
-0.259926964,-0.39709991,-1.024317168,-0.239878192,-0.431702196,-1.109676932,0.382948399
-0.093345882,1.743621769,1.451115989,-0.089920746,1.843380924,1.664515399,0.384626865
-0.75,0,0,-0.650545494,0.008510092,0.21339941,0.385964155
0.393165631,1.784298497,0.029499984,0.492827876,1.778725588,-0.183899426,0.387287378
-0.75,0,0,-0.650545494,-0.008510092,-0.21339941,0.389404535
-0.832272982,1.242639063,2.794738923,-0.928697591,1.268444397,3.008138333,0.390745163
0.006256579,-1.031425956,-0.699107017,0.087857302,-1.088914586,-0.485707607,0.393761635
1.54737695,-0.530218666,1.160001721,1.574535313,-0.455066396,1.330721249,0.395082474
0.630160331,-1.278133332,0.26518209,0.723908017,-1.243855178,0.4785815,0.396414518
-0.061318025,-0.957959683,-0.912506427,0.006256579,-1.031425956,-0.699107017,0.397741795
1.055410394,1.64691749,-0.557563195,1.135299356,1.587072906,-0.770962605,0.399075508
-1.393071147,1.432654091,2.386243869,-1.459643227,1.507030019,2.172844458,0.400413275
1.601888162,-0.338246674,1.309402487,1.619368911,-0.239971326,1.522801897,0.401758194
0.602394766,-1.392482939,-0.58841555,0.680399655,-1.454763415,-0.801814961,0.403231144
1.135299356,1.587072906,-0.770962605,1.200702076,1.511666641,-0.984362015,0.404694557
0.492827876,1.778725588,-0.183899426,0.589049196,1.752172281,-0.397298836,0.406047106
-0.542066573,-1.360282469,-3.040466922,-0.601927761,-1.363785096,3.114678739,0.407384396
0.087857302,-1.088914586,-0.485707607,0.179782184,-1.127817499,-0.272308197,0.408789635
-0.11782066,1.646850876,1.237716579,-0.093345882,1.743621769,1.451115989,0.410152674
-0.332566226,1.091155934,1.237716579,-0.292006695,1.182361991,1.024317168,0.411500931
-0.162725827,-1.071257938,-1.979503478,-0.194442203,-1.165903022,-1.766104068,0.412848949
0.680399655,-1.454763415,-0.801814961,0.743445159,-1.532151301,-1.015214371,0.414186954
-0.75,0,0,-0.650545494,-0.008510092,-0.21339941,0.415638447
-0.97502143,1.314119317,2.709379159,-1.061765455,1.363506507,2.495979748,0.416990995
-0.385389469,0.774924353,2.304713629,-0.458321687,0.843075009,2.518113039,0.41836834
1.388875448,-0.894107893,1.160001721,1.436393492,-0.806326027,0.946602311,0.419748306
-0.247592618,1.271754442,1.237716579,-0.207033087,1.3629605,1.024317168,0.421123743
-0.138144233,1.549123844,1.451115989,-0.134719096,1.648882998,1.664515399,0.42250967
-0.889483911,1.260598456,2.922778569,-0.988414285,1.273880085,3.136177979,0.424280167
0.179782184,-1.127817499,-0.272308197,0.277860891,-1.146369797,-0.058908787,0.425650597
1.200702076,1.511666641,-0.984362015,1.249191026,1.424371364,-1.157180956,0.427113771
1.619368911,-0.239971326,1.522801897,1.615640048,-0.140223063,1.736201307,0.428874731
-0.75,0,0,-0.650545494,0.008510092,0.21339941,0.430244684
-0.832272982,1.242639063,2.794738923,-0.869583646,1.257033015,2.709379159,0.431576967
-0.023628103,-1.524177553,-1.766104068,-0.034580785,-1.623392769,-1.552704658,0.432976961
-0.089920746,1.843380924,1.664515399,-0.107700638,1.941602591,1.877914809,0.434372187
-0.458321687,0.843075009,2.518113039,-0.544032736,0.894233944,2.731512449,0.435949326
-0.837361581,-1.408627225,-3.046698046,-0.937174981,-1.409578959,3.023087851,0.437344313
-0.444858243,-1.337607348,-2.827067512,-0.536801125,-1.376467701,-2.613668102,0.438804388
-0.937174981,-1.409578959,3.023087851,-1.036938093,-1.406271096,-3.046698046,0.440166473
-1.036938093,-1.406271096,-3.046698046,-1.135138791,-1.424166438,-2.833298636,0.441537857
1.436393492,-0.806326027,0.946602311,1.50142441,-0.730598884,0.7332029,0.442912102
-0.75,0,0,-0.650545494,-0.008510092,-0.21339941,0.444279909
0.589049196,1.752172281,-0.397298836,0.677464341,1.705843212,-0.610698246,0.445656538
-0.75,0,0,-0.650545494,0.008510092,0.21339941,0.447036743
1.615640048,-0.140223063,1.736201307,1.604039213,-0.040949124,1.632840573,0.448595762
1.428432199,-0.640476732,1.714840187,1.405733918,-0.543273808,1.928239597,0.450083971
-1.459643227,1.507030019,2.172844458,-1.508953639,1.593817712,1.959445048,0.451470137
1.182166423,-1.242811195,0.344929153,1.278640518,-1.217191486,0.131529743,0.452866316
1.002587456,-1.329918773,0.344929153,1.093306516,-1.288281377,0.558328563,0.454243898
-0.75,0,0,-0.650545494,-0.008510092,-0.21339941,0.455628157
-0.601927761,-1.363785096,3.114678739,-0.701117237,-1.352601699,2.901279329,0.457005501
-0.837361581,-1.408627225,-3.046698046,-0.93556228,-1.426522568,-2.833298636,0.458389282
-0.832272982,1.242639063,2.794738923,-0.92291174,1.284450977,2.581339512,0.459768534
-0.573691827,-0.030395114,-0.384118938,-0.501673477,-0.065018769,-0.554838466,0.461238384
1.249191026,1.424371364,-1.157180956,1.296765988,1.336601064,-0.964657681,0.462647915
-1.508953639,1.593817712,1.959445048,-1.54505303,1.687065816,1.917091892,0.464045525
-0.312320991,0.698019176,1.664515399,-0.31315539,0.797833625,1.451115989,0.46544528
1.290137251,-1.067564238,1.160001721,1.322051125,-0.972985566,1.373401131,0.46686244
1.388875448,-0.894107893,1.160001721,1.436393492,-0.806326027,0.946602311,0.468253374
-1.036938093,-1.406271096,-3.046698046,-1.136751492,-1.40722283,3.023087851,0.46964407
-1.793203546,1.488999069,-3.043343798,-1.852572639,1.480576423,-2.915304152,0.471021891
0.677464341,1.705843212,-0.610698246,0.754062204,1.641840182,-0.824097657,0.472531796
-0.023628103,-1.524177553,-1.766104068,-0.051277381,-1.620089689,-1.979503478,0.473921776
-0.247592618,1.271754442,1.237716579,-0.207033087,1.3629605,1.024317168,0.475336552
-0.75,0,0,-0.650545494,-0.008510092,-0.21339941,0.476745129
-0.928697591,1.268444397,3.008138333,-0.968437411,1.272918564,3.093498097,0.478155375
1.619368911,-0.239971326,1.522801897,1.628301145,-0.160563169,1.352082369,0.479555368
-0.75,0,0,-0.650545494,-0.008510092,-0.21339941,0.480986834
1.405733918,-0.543273808,1.928239597,1.362964544,-0.453082893,2.141639007,0.482431412
-1.12305062,1.314037466,3.026442099,-1.222824267,1.317010682,-3.043343798,0.483932495
-0.832272982,1.242639063,2.794738923,-0.92291174,1.284450977,2.581339512,0.485342503
-1.061765455,1.363506507,2.495979748,-1.136082445,1.430144376,2.282580338,0.486738205
0.786791238,1.779272466,-0.397298836,0.85834701,1.74370265,-0.568018364,0.488137484
-0.051277381,-1.620089689,-1.979503478,-0.098612081,-1.707970556,-2.192902888,0.489548922
-0.75,0,0,-0.650545494,0.008510092,0.21339941,0.49097085
-0.107700638,1.941602591,1.877914809,-0.145878942,2.033830774,2.091314219,0.492389202
-0.737760285,-1.399712505,-3.057446004,-0.836147647,-1.416551378,-2.844046594,0.494205713
-1.135138791,-1.424166438,-2.833298636,-1.22732203,-1.462453134,-2.619899225,0.495734692
-0.444858243,-1.337607348,-2.827067512,-0.542066573,-1.360282469,-3.040466922,0.497164249
1.601888162,-0.338246674,1.309402487,1.619368911,-0.239971326,1.522801897,0.498577833
-0.259926964,-0.39709991,-1.024317168,-0.215512887,-0.48649236,-1.237716579,0.499989271
0.754062204,1.641840182,-0.824097657,0.815367788,1.563066799,-1.037497067,0.501411438
-1.222824267,1.317010682,-3.043343798,-1.320964388,1.298786051,-2.829944388,0.502831697
-0.098612081,-1.707970556,-2.192902888,-0.149653282,-1.793751767,-1.979503478,0.504248142
0.425517482,-1.300012609,-0.58841555,0.489013739,-1.3485272,-0.759135079,0.505657673
-0.247592618,1.271754442,1.237716579,-0.207033087,1.3629605,1.024317168,0.507178783
-0.75,0,0,-0.650545494,-0.008510092,-0.21339941,0.508634329
1.604039213,-0.040949124,1.632840573,1.606270882,0.058851863,1.433201381,0.510056496
1.249191026,1.424371364,-1.157180956,1.296956493,1.336723884,-0.943781546,0.511501789
-0.31315539,0.797833625,1.451115989,-0.292831817,0.895560658,1.237716579,0.512930155
-0.247592618,1.271754442,1.237716579,-0.207033087,1.3629605,1.024317168,0.514364243
-1.036938093,-1.406271096,-3.046698046,-1.135138791,-1.424166438,-2.833298636,0.515866995
-1.320964388,1.298786051,-2.829944388,-1.413018685,1.260190366,-2.616544978,0.517291069
-0.207033087,1.3629605,1.024317168,-0.16261901,1.452352951,1.237716579,0.518826723
0.815367788,1.563066799,-1.037497067,0.858599859,1.473096756,-1.250896477,0.520725489
-0.701117237,-1.352601699,2.901279329,-0.795688302,-1.320665293,2.687879918,0.522160769
-0.75,0,0,-0.650545494,-0.008510092,-0.21339941,0.5239048
-0.75,0,0,-0.650545494,-0.008510092,-0.21339941,0.525382519
-0.536801125,-1.376467701,-2.613668102,-0.618428453,-1.433918548,-2.400268692,0.526828766
-0.134719096,1.648882998,1.664515399,-0.152498988,1.747104666,1.877914809,0.528272867
-0.061318025,-0.957959683,-0.912506427,0.006256579,-1.031425956,-0.699107017,0.529726505
-1.22732203,-1.462453134,-2.619899225,-1.309305754,-1.519394239,-2.406499815,0.532859087
-0.290366473,0.600645567,1.877914809,-0.312320991,0.698019176,1.664515399,0.534309387
1.002587456,-1.329918773,0.344929153,1.099061551,-1.304299063,0.131529743,0.535761595
1.54737695,-0.530218666,1.160001721,1.594894994,-0.442436799,0.946602311,0.537207365
-1.309305754,-1.519394239,-2.406499815,-1.388785318,-1.579781484,-2.619899225,0.538725615
1.099061551,-1.304299063,0.131529743,1.198773117,-1.299692108,-0.081869668,0.540176868
1.278640518,-1.217191486,0.131529743,1.378352084,-1.212584531,-0.081869668,0.542124987
-0.75,0,0,-0.650545494,-0.008510092,-0.21339941,0.544559956
-1.413018685,1.260190366,-2.616544978,-1.494810953,1.202974588,-2.403145568,0.546105623
-0.198390294,0.188065211,0.71926791,-0.151635879,0.225610583,0.591228264,0.547546148
0.858599859,1.473096756,-1.250896477,0.881797117,1.376011702,-1.464295887,0.549004316
1.606270882,0.058851863,1.433201381,1.628341841,0.156199145,1.219801971,0.550472736
1.628341841,0.156199145,1.219801971,1.654546211,0.252516077,1.433201381,0.551932096
-0.300486495,-0.305893852,-1.237716579,-0.276011718,-0.402664745,-1.451115989,0.553602219
0.743445159,-1.532151301,-1.015214371,0.788671106,-1.621135762,-1.228613781,0.555080652
0.881797117,1.376011702,-1.464295887,0.883907178,1.27621607,-1.677695297,0.556575775
0.277860891,-1.146369797,-0.058908787,0.37764391,-1.143729823,0.154490623,0.558162451
-1.136082445,1.430144376,2.282580338,-1.194600879,1.511009778,2.069180928,0.559635639
1.654546211,0.252516077,1.433201381,1.6602067,0.352204794,1.613900424,0.561102152
1.6602067,0.352204794,1.613900424,1.664423318,0.451933629,1.400501014,0.562580824
0.788671106,-1.621135762,-1.228613781,0.830059175,-1.711968841,-1.015214371,0.564055204
0.393165631,1.784298497,0.029499984,0.492827876,1.778725588,-0.183899426,0.565535307
-0.292831817,0.895560658,1.237716579,-0.252272286,0.986766715,1.024317168,0.567013979
0.769905365,1.796269248,-0.013179898,0.869463392,1.803467839,0.200219512,0.568564415
1.664423318,0.451933629,1.400501014,1.67289122,0.551391737,1.613900424,0.570150375
-0.650545494,-0.008510092,-0.21339941,-0.555149248,-0.037889962,-0.42679882,0.571662664
1.296956493,1.336723884,-0.943781546,1.36220076,1.261180479,-0.730382136,0.573150396
-1.22732203,-1.462453134,-2.619899225,-1.317787746,-1.504638139,-2.833298636,0.5746243
-1.317787746,-1.504638139,-2.833298636,-1.415135479,-1.526707107,-3.046698046,0.576100111
1.604039213,-0.040949124,1.632840573,1.589378874,0.057786356,1.846239983,0.577568054
0.869463392,1.803467839,0.200219512,0.965238565,1.83158788,0.413618922,0.579047203
-0.618428453,-1.433918548,-2.400268692,-0.68603706,-1.507353531,-2.186869282,0.580530405
-0.75,0,0,-0.650545494,-0.008510092,-0.21339941,0.582092285
-0.252272286,0.986766715,1.024317168,-0.193316852,1.067314076,0.810917758,0.58364439
-0.544032736,0.894233944,2.731512449,-0.638634183,0.926080243,2.944911859,0.585168839
-1.194600879,1.511009778,2.069180928,-1.234665967,1.602434115,1.855781518,0.586681604
-0.93556228,-1.426522568,-2.833298636,-1.027745518,-1.464809263,-2.619899225,0.588171482
-0.135076549,-0.975345802,-1.766104068,-0.162725827,-1.071257938,-1.979503478,0.589657784
-0.207033087,1.3629605,1.024317168,-0.16261901,1.452352951,1.237716579,0.591142416
0.531279614,-1.291779737,0.05178268,0.591240704,-1.291233908,-0.076256966,0.592602968
-1.027745518,-1.464809263,-2.619899225,-1.109729242,-1.521750369,-2.406499815,0.594197273
-1.415135479,-1.526707107,-3.046698046,-1.514948879,-1.527658841,3.023087851,0.595681906
0.883907178,1.27621607,-1.677695297,0.864834316,1.178237264,-1.891094707,0.59721446
1.36220076,1.261180479,-0.730382136,1.441963907,1.201168307,-0.516982726,0.598760843
-1.514948879,-1.527658841,3.023087851,-1.612709289,-1.50748237,2.81927074,0.600277185
-1.494810953,1.202974588,-2.403145568,-1.562630544,1.129734411,-2.189746158,0.601783276
1.362964544,-0.453082893,2.141639007,1.302064383,-0.373995657,2.355038417,0.603288651
-1.514948879,-1.527658841,3.023087851,-1.614711991,-1.524350978,-3.046698046,0.60591507
1.378352084,-1.212584531,-0.081869668,1.4776411,-1.224263518,-0.157308889,0.607497931
-1.612709289,-1.50748237,2.81927074,-1.704346393,-1.467906347,2.605871329,0.609002113
-1.494810953,1.202974588,-2.403145568,-1.574087517,1.142321089,-2.616544978,0.610501766
0.864834316,1.178237264,-1.891094707,0.825587414,1.086444698,-2.084770658,0.612001419
-0.573691827,0.030395114,0.384118938,-0.484673766,0.075554889,0.597518348,0.613529682
0.825587414,1.086444698,-2.084770658,0.783058407,0.996070352,-1.92420124,0.615034103
1.4776411,-1.224263518,-0.157308889,1.577200785,-1.231439137,0.056090521,0.616545916
-0.75,0,0,-0.650545494,-0.008510092,-0.21339941,0.618049622
1.441963907,1.201168307,-0.516982726,1.53262734,1.159409925,-0.303583315,0.619688511
0.788671106,-1.621135762,-1.228613781,0.814025743,-1.71767986,-1.442013191,0.621746778
-1.514948879,-1.527658841,3.023087851,-1.554751142,-1.523779243,3.108447616,0.623255968
0.783058407,0.996070352,-1.92420124,0.756621936,0.899816867,-1.71080183,0.624762535
1.441963907,1.201168307,-0.516982726,1.492779096,1.169333627,-0.645022372,0.626254082
1.589378874,0.057786356,1.846239983,1.554140543,0.151177365,2.059639393,0.627812862
-0.795688302,-1.320665293,2.687879918,-0.881350576,-1.269424729,2.474480508,0.629355192
-1.027745518,-1.464809263,-2.619899225,-1.109729242,-1.521750369,-2.406499815,0.630885363
1.099061551,-1.304299063,0.131529743,1.158788596,-1.298978315,0.003490097,0.632542849
-0.75,0,0,-0.650545494,0.008510092,0.21339941,0.634068966
1.50142441,-0.730598884,0.7332029,1.561679434,-0.677983877,0.669070569,0.636121511
1.388875448,-0.894107893,1.160001721,1.404059349,-0.857111669,1.245361485,0.637610912
-1.388785318,-1.579781484,-2.619899225,-1.470769042,-1.63672259,-2.406499815,0.639135838
-0.881350576,-1.269424729,2.474480508,-0.954217838,-1.201204625,2.261081098,0.640647173
1.135299356,1.587072906,-0.770962605,1.212562183,1.523874202,-0.557563195,0.642787457
-0.638634183,0.926080243,2.944911859,-0.737834268,0.937169142,-3.124874038,0.644398689
-1.704346393,-1.467906347,2.605871329,-1.792006444,-1.419839474,2.684076712,0.646090031
-0.315952782,-0.269014787,-1.152356815,-0.26776505,-0.35643082,-0.938957404,0.647656202
0.756621936,0.899816867,-1.71080183,0.751170026,0.800147929,-1.497402419,0.649227142
0.723908017,-1.243855178,0.4785815,0.797048116,-1.21166875,0.307861972,0.650776386
-1.792006444,-1.419839474,2.684076712,-1.87747322,-1.36827349,2.470677302,0.652344704
-0.034580785,-1.623392769,-1.552704658,-0.024272885,-1.722677047,-1.339305248,0.653887033
-0.75,0,0,-0.650545494,-0.008510092,-0.21339941,0.655418873
1.173149651,-1.228375666,0.771727973,1.201209769,-1.199881785,0.857087737,0.656929255
-1.87747322,-1.36827349,2.470677302,-1.950080501,-1.299776751,2.257277892,0.65861702
0.756621936,0.899816867,-1.71080183,0.73431638,0.802523071,-1.92420124,0.660164118
1.36220076,1.261180479,-0.730382136,1.391819929,1.234298608,-0.769223876,0.661700487
1.302064383,-0.373995657,2.355038417,1.225796278,-0.30960003,2.568437827,0.663287401
-1.417523123,1.360927542,-3.043343798,-1.515663244,1.342702911,-2.829944388,0.66484189
-1.515663244,1.342702911,-2.829944388,-1.611215046,1.31322171,-2.859107206,0.666385412
1.225796278,-0.30960003,2.568437827,1.137620266,-0.262817434,2.781837237,0.667932034
-1.950080501,-1.299776751,2.257277892,-2.006534329,-1.217456731,2.043878482,0.66947794
-1.852572639,1.480576423,-2.915304152,-1.947582292,1.449969457,-2.701904742,0.671131372
-0.640180983,-1.378691081,-2.844046594,-0.678155745,-1.391228582,-2.75868683,0.672668695
-0.954217838,-1.201204625,2.261081098,-1.024108002,-1.129937623,2.474480508,0.674223661
1.492779096,1.169333627,-0.645022372,1.567135425,1.102739657,-0.858421782,0.675771952
-0.152498988,1.747104666,1.877914809,-0.190677293,1.839332848,2.091314219,0.677347183
1.67289122,0.551391737,1.613900424,1.677107838,0.651120572,1.400501014,0.678900719
-0.97502143,1.314119317,2.709379159,-1.010969075,1.331641825,2.624019394,0.680428743
-1.693429899,1.486025854,3.026442099,-1.733048862,1.491467298,2.941082335,0.681951761
-0.12205948,1.543559008,1.024317168,-0.063104045,1.624106369,0.810917758,0.685208559
1.554140543,0.151177365,2.059639393,1.49992287,0.234987056,2.273038803,0.686765909
1.677107838,0.651120572,1.400501014,1.702349723,0.747694211,1.187101604,0.68839407
-0.292831817,0.895560658,1.237716579,-0.252272286,0.986766715,1.024317168,0.689964294
0.864834316,1.178237264,-1.891094707,0.851697937,1.140460211,-1.962487845,0.691512108
-1.234665967,1.602434115,1.855781518,-1.254460084,1.70026976,1.642382108,0.693083525
1.554140543,0.151177365,2.059639393,1.49992287,0.234987056,2.273038803,0.694668293
-1.317787746,-1.504638139,-2.833298636,-1.415135479,-1.526707107,-3.046698046,0.696238518
1.137620266,-0.262817434,2.781837237,1.047185123,-0.220461529,2.609712332,0.69790411
1.055410394,1.64691749,-0.557563195,1.144305076,1.601515332,-0.344163785,0.699472904
1.677107838,0.651120572,1.400501014,1.702349723,0.747694211,1.187101604,0.70104146
1.594894994,-0.442436799,0.946602311,1.659925912,-0.366709656,0.7332029,0.702658653
-0.407239027,-0.138542838,-0.810917758,-0.344900572,-0.216501401,-1.024317168,0.704252958
-0.276011718,-0.402664745,-1.451115989,-0.272586581,-0.5024239,-1.664515399,0.705837488
1.362964544,-0.453082893,2.141639007,1.302064383,-0.373995657,2.355038417,0.707430124
1.047185123,-0.220461529,2.609712332,0.962956782,-0.166613004,2.529172992,0.708995819
-0.97502143,1.314119317,2.709379159,-1.061765455,1.363506507,2.495979748,0.710680962
1.53262734,1.159409925,-0.303583315,1.630077953,1.137799776,-0.090183905,0.712262869
-0.75,0,0,-0.650545494,0.008510092,0.21339941,0.713846207
-0.832272982,1.242639063,2.794738923,-0.92291174,1.284450977,2.581339512,0.71544385
-0.75,0,0,-0.650545494,0.008510092,0.21339941,0.71708703
-2.006534329,-1.217456731,2.043878482,-2.04427358,-1.125048022,1.830479072,0.718698025
0.73431638,0.802523071,-1.92420124,0.692517909,0.711830701,-2.098719167,0.720278978
-0.837361581,-1.408627225,-3.046698046,-0.897243432,-1.411756784,3.108447616,0.721848249
-0.190677293,1.839332848,2.091314219,-0.247521984,1.921383452,2.304713629,0.723543644
-1.136751492,-1.40722283,3.023087851,-1.234502348,-1.387014152,2.809688441,0.725129128
-1.254460084,1.70026976,1.642382108,-1.253085237,1.800078228,1.428982698,0.726728201
-1.562630544,1.129734411,-2.189746158,-1.613400703,1.043792503,-1.976346748,0.728313446
-1.613400703,1.043792503,-1.976346748,-1.650020461,0.950759755,-1.912277168,0.729903936
-0.75,0,0,-0.650545494,0.008510092,0.21339941,0.73149848
1.577200785,-1.231439137,0.056090521,1.676975969,-1.234360315,-0.157308889,0.733112335
1.391819929,1.234298608,-0.769223876,1.457353661,1.159006175,-0.982623286,0.734746456
1.047185123,-0.220461529,2.609712332,0.965785696,-0.162688233,2.396312921,0.736436605
-0.75,0,0,-0.650545494,0.008510092,0.21339941,0.738044262
-1.792006444,-1.419839474,2.684076712,-1.884991391,-1.383543191,2.897476122,0.739642143
-0.832272982,1.242639063,2.794738923,-0.928697591,1.268444397,3.008138333,0.741223335
-0.16261901,1.452352951,1.237716579,-0.12205948,1.543559008,1.024317168,0.742879391
-0.869583646,1.257033015,2.709379159,-0.956327671,1.306420206,2.495979748,0.744477987
-2.04427358,-1.125048022,1.830479072,-2.061586144,-1.026742907,1.617079662,0.746094942
-0.312320991,0.698019176,1.664515399,-0.314693877,0.777892886,1.493795871,0.747721434
0.825587414,1.086444698,-2.084770658,0.781929557,1.019516141,-2.255490186,0.749449968
-0.276011718,0.402664745,1.451115989,-0.271566241,0.482449944,1.621835517,0.751057625
-1.024108002,-1.129937623,2.474480508,-1.096975264,-1.061717519,2.261081098,0.752665043
-0.149653282,-1.793751767,-1.979503478,-0.196987981,-1.881632634,-2.192902888,0.754274607
1.198773117,-1.299692108,-0.081869668,1.297198566,-1.316306911,-0.295269078,0.755873203
-1.234502348,-1.387014152,2.809688441,-1.325756022,-1.346561866,2.596289031,0.757485628
1.297198566,-1.316306911,-0.295269078,1.389872653,-1.353389711,-0.508668488,0.759101152
-1.096975264,-1.061717519,2.261081098,-1.153741764,-0.979612799,2.047681688,0.760724068
-0.836147647,-1.416551378,-2.844046594,-0.928737057,-1.453845099,-2.630647184,0.7624681
1.389872653,-1.353389711,-0.508668488,1.472591056,-1.409258184,-0.722067898,0.764089584
-0.928737057,-1.453845099,-2.630647184,-1.011328035,-1.509901775,-2.417247774,0.765730858
-0.272586581,0.5024239,1.664515399,-0.27342098,0.602238349,1.451115989,0.76736021
-2.061586144,-1.026742907,1.617079662,-2.057686608,-0.92700117,1.403680251,0.768976927
-1.109729242,-1.521750369,-2.406499815,-1.165453187,-1.579024117,-2.235780287,0.770580053
-1.494810953,1.202974588,-2.403145568,-1.562630544,1.129734411,-2.189746158,0.772190332
-0.196987981,-1.881632634,-2.192902888,-0.26186068,-1.957495361,-2.406302298,0.773828983
1.654546211,0.252516077,1.433201381,1.676617171,0.349863359,1.219801971,0.775544405
-0.425123878,0.970519629,2.304713629,-0.46335012,1.01671903,2.176673983,0.777226448
1.676975969,-1.234360315,-0.157308889,1.776535654,-1.241535934,0.056090521,0.778894901
1.290137251,-1.067564238,1.160001721,1.29812401,-1.049228162,1.117321839,0.78049612
1.776535654,-1.241535934,0.056090521,1.876310838,-1.244457112,-0.157308889,0.782145262
1.337655294,-0.979782372,0.946602311,1.349344164,-0.963553683,0.903922429,0.783737898
-1.650020461,0.950759755,-1.912277168,-1.691344782,0.859897656,-2.125676578,0.785364866
0.489013739,-1.3485272,-0.759135079,0.555303734,-1.423154656,-0.972534489,0.786991596
1.36220076,1.261180479,-0.730382136,1.430608817,1.188489639,-0.943781546,0.78874898
0.692517909,0.711830701,-2.098719167,0.635067202,0.630203275,-2.312118577,0.790364504
0.756621936,0.899816867,-1.71080183,0.73431638,0.802523071,-1.92420124,0.792226076
-1.614711991,-1.524350978,-3.046698046,-1.712912689,-1.54224632,-2.833298636,0.794028759
1.144305076,1.601515332,-0.344163785,1.240798751,1.575969468,-0.130764375,0.795727015
1.676617171,0.349863359,1.219801971,1.690533039,0.387364273,1.189784539,0.797339916
0.756621936,0.899816867,-1.71080183,0.751170026,0.800147929,-1.497402419,0.798980474
-0.75,0,0,-0.650545494,-0.008510092,-0.21339941,0.800620794
1.137620266,-0.262817434,2.781837237,1.047528481,-0.219839639,2.568437827,0.802358627
-1.54505303,1.687065816,1.917091892,-1.57646282,1.781988087,1.8570512,0.804014683
-0.75,0,0,-0.650545494,-0.008510092,-0.21339941,0.805663824
1.472591056,-1.409258184,-0.722067898,1.545117169,-1.478062735,-0.802093224,0.807372808
-1.470769042,-1.63672259,-2.406499815,-1.540408216,-1.708361995,-2.264631764,0.809072495
1.606270882,0.058851863,1.433201381,1.628341841,0.156199145,1.219801971,0.810781717
0.555303734,-1.423154656,-0.972534489,0.604285189,-1.510128431,-1.185933899,0.812448025
1.545117169,-1.478062735,-0.802093224,1.608141135,-1.555468162,-1.015492634,0.814113855
-0.75,0,0,-0.650545494,-0.008510092,-0.21339941,0.815870285
-0.126666641,-0.834723494,-1.211265601,-0.083709091,-0.924824933,-0.997866191,0.817526817
1.702349723,0.747694211,1.187101604,1.747471732,0.836731421,0.973702194,0.819175482
0.881797117,1.376011702,-1.464295887,0.883907178,1.27621607,-1.677695297,0.820834875
0.604285189,-1.510128431,-1.185933899,0.633735977,-1.605502807,-1.399333309,0.823243618
-0.75,0,0,-0.650545494,-0.008510092,-0.21339941,0.824958563
-0.491076641,1.045682436,2.275933364,-0.538869479,1.109723711,2.105213836,0.82665801
0.393165631,1.784298497,0.029499984,0.492827876,1.778725588,-0.183899426,0.828313589
1.378352084,-1.212584531,-0.081869668,1.438269617,-1.214933889,0.046169979,0.830055475
1.49992287,0.234987056,2.273038803,1.442178668,0.316407125,2.059639393,0.831712723
-0.956327671,1.306420206,2.495979748,-1.030644661,1.373058074,2.282580338,0.833365679
-1.153741764,-0.979612799,2.047681688,-1.193572764,-0.887990835,1.90553856,0.835724592
1.659925912,-0.366709656,0.7332029,1.739519462,-0.30647273,0.51980349,0.837402344
-1.234665967,1.602434115,1.855781518,-1.254460084,1.70026976,1.642382108,0.839183807
1.240798751,1.575969468,-0.130764375,1.340513815,1.57143883,0.082635035,0.840858936
-0.444858243,-1.337607348,-2.827067512,-0.542066573,-1.360282469,-3.040466922,0.842537165
1.608141135,-1.555468162,-1.015492634,1.65334232,-1.644465204,-1.228892044,0.845941067
-0.26186068,-1.957495361,-2.406302298,-0.341328315,-2.017898304,-2.619701708,0.84761548
1.615640048,-0.140223063,1.736201307,1.597467359,-0.062407938,1.906920835,0.84927845
0.635067202,0.630203275,-2.312118577,0.57418602,0.551101428,-2.098719167,0.851686239
-0.315952782,-0.269014787,-1.152356815,-0.283316803,-0.363346719,-1.365756225,0.853375673
0.635067202,0.630203275,-2.312118577,0.596499907,0.584288202,-2.184078931,0.855025768
1.739519462,-0.30647273,0.51980349,1.830064744,-0.264458775,0.30640408,0.856711864
0.781929557,1.019516141,-2.255490186,0.712438931,0.947859505,-2.468889596,0.858390093
-1.691344782,0.859897656,-2.125676578,-1.736508277,0.770881482,-1.912277168,0.900467634
-0.832272982,1.242639063,2.794738923,-0.92291174,1.284450977,2.581339512,0.902234793
-0.344900572,0.216501401,1.024317168,-0.300486495,0.305893852,1.237716579,0.903914452
-1.540408216,-1.708361995,-2.264631764,-1.597465883,-1.790264639,-2.051232354,0.905596972
1.340513815,1.57143883,0.082635035,1.438926517,1.58812896,0.296034445,0.907257557
-1.736508277,0.770881482,-1.912277168,-1.777832598,0.680019383,-2.125676578,0.908932686
0.965785696,-0.162688233,2.396312921,0.891407494,-0.095851708,2.42523039,0.910663605
0.891407494,-0.095851708,2.42523039,0.75,0,1.570796327,0.912519932
